{
	"nodes": [
		{
		"id": "n2",
		"label": "#ImWithYou",
		"x":27,
		"y":59,
		"size": 18
		},
		{
		"id": "n6",
		"label": "#Debates2016?",
		"x":68,
		"y":84,
		"size": 2
		},
		{
		"id": "n9",
		"label": "#iRegistered�",
		"x":55,
		"y":13,
		"size": 2
		},
		{
		"id": "n11",
		"label": "#SheWo",
		"x":38,
		"y":88,
		"size": 2
		},
		{
		"id": "n13",
		"label": "#TrumpWon",
		"x":75,
		"y":30,
		"size": 2
		},
		{
		"id": "n15",
		"label": "#DebateNight",
		"x":7,
		"y":17,
		"size": 10
		},
		{
		"id": "n17",
		"label": "#ImWithHe",
		"x":81,
		"y":24,
		"size": 4
		},
		{
		"id": "n19",
		"label": "#debatenight",
		"x":95,
		"y":54,
		"size": 5
		},
		{
		"id": "n22",
		"label": "#debatenigh",
		"x":63,
		"y":99,
		"size": 8
		},
		{
		"id": "n28",
		"label": "#Debates2016",
		"x":11,
		"y":20,
		"size": 7
		},
		{
		"id": "n33",
		"label": "#Debate�",
		"x":44,
		"y":98,
		"size": 2
		},
		{
		"id": "n38",
		"label": "#MAGA",
		"x":76,
		"y":37,
		"size": 15
		},
		{
		"id": "n45",
		"label": "#Debates201",
		"x":78,
		"y":4,
		"size": 4
		},
		{
		"id": "n48",
		"label": "#TPP",
		"x":83,
		"y":24,
		"size": 2
		},
		{
		"id": "n53",
		"label": "#DebateNigh",
		"x":21,
		"y":45,
		"size": 4
		},
		{
		"id": "n59",
		"label": "#Polls",
		"x":48,
		"y":24,
		"size": 2
		},
		{
		"id": "n63",
		"label": "#DebateNight",
		"x":51,
		"y":95,
		"size": 4
		},
		{
		"id": "n68",
		"label": "#DeclareYourAmbition",
		"x":39,
		"y":57,
		"size": 2
		},
		{
		"id": "n70",
		"label": "#TrumpTrain",
		"x":11,
		"y":22,
		"size": 6
		},
		{
		"id": "n73",
		"label": "#imwithher",
		"x":3,
		"y":90,
		"size": 2
		},
		{
		"id": "n75",
		"label": "#TerenceCrutcher",
		"x":1,
		"y":16,
		"size": 2
		},
		{
		"id": "n78",
		"label": "#polls",
		"x":44,
		"y":2,
		"size": 2
		},
		{
		"id": "n82",
		"label": "#MAGA",
		"x":70,
		"y":41,
		"size": 4
		},
		{
		"id": "n85",
		"label": "#election201",
		"x":48,
		"y":1,
		"size": 2
		},
		{
		"id": "n90",
		"label": "#AmericaFirst",
		"x":53,
		"y":11,
		"size": 16
		},
		{
		"id": "n95",
		"label": "#NBCNewsForum",
		"x":43,
		"y":37,
		"size": 4
		},
		{
		"id": "n98",
		"label": "#NBCNewsForu",
		"x":17,
		"y":90,
		"size": 2
		},
		{
		"id": "n102",
		"label": "#VoteTrump",
		"x":63,
		"y":91,
		"size": 11
		},
		{
		"id": "n109",
		"label": "#ALConvention2016",
		"x":55,
		"y":65,
		"size": 2
		},
		{
		"id": "n114",
		"label": "#Obamacare!",
		"x":79,
		"y":45,
		"size": 2
		},
		{
		"id": "n116",
		"label": "#JuanGabriel.",
		"x":16,
		"y":21,
		"size": 2
		},
		{
		"id": "n118",
		"label": "#GoodTrouble",
		"x":76,
		"y":42,
		"size": 2
		},
		{
		"id": "n122",
		"label": "#StrongerTogether",
		"x":54,
		"y":88,
		"size": 3
		},
		{
		"id": "n125",
		"label": "#ImWithYo",
		"x":76,
		"y":38,
		"size": 3
		},
		{
		"id": "n127",
		"label": "#WomensEqualityDay",
		"x":21,
		"y":73,
		"size": 2
		},
		{
		"id": "n129",
		"label": "#NPS100",
		"x":64,
		"y":7,
		"size": 2
		},
		{
		"id": "n132",
		"label": "#ImWithHer",
		"x":88,
		"y":75,
		"size": 10
		},
		{
		"id": "n134",
		"label": "#smallbiz",
		"x":48,
		"y":16,
		"size": 3
		},
		{
		"id": "n136",
		"label": "#TrumpPence16",
		"x":86,
		"y":29,
		"size": 10
		},
		{
		"id": "n143",
		"label": "#Obamacare",
		"x":37,
		"y":21,
		"size": 2
		},
		{
		"id": "n147",
		"label": "#LES",
		"x":11,
		"y":89,
		"size": 2
		},
		{
		"id": "n149",
		"label": "#2A!",
		"x":91,
		"y":43,
		"size": 2
		},
		{
		"id": "n151",
		"label": "#NeverHillar",
		"x":42,
		"y":26,
		"size": 4
		},
		{
		"id": "n153",
		"label": "#SCOTUS",
		"x":43,
		"y":3,
		"size": 5
		},
		{
		"id": "n158",
		"label": "#NeverTrum",
		"x":87,
		"y":94,
		"size": 2
		},
		{
		"id": "n160",
		"label": "#ImWithHernandez",
		"x":70,
		"y":92,
		"size": 2
		},
		{
		"id": "n164",
		"label": "#DemConvention.",
		"x":69,
		"y":18,
		"size": 2
		},
		{
		"id": "n166",
		"label": "#ugpride2016.",
		"x":11,
		"y":47,
		"size": 2
		},
		{
		"id": "n172",
		"label": "#CoastGuardDay",
		"x":34,
		"y":56,
		"size": 2
		},
		{
		"id": "n175",
		"label": "#ICYMI:",
		"x":6,
		"y":77,
		"size": 2
		},
		{
		"id": "n179",
		"label": "#CrookedHillary",
		"x":38,
		"y":49,
		"size": 7
		},
		{
		"id": "n187",
		"label": "#1",
		"x":46,
		"y":38,
		"size": 5
		},
		{
		"id": "n194",
		"label": "#DemConvention",
		"x":44,
		"y":20,
		"size": 6
		},
		{
		"id": "n197",
		"label": "#TBT",
		"x":62,
		"y":44,
		"size": 5
		},
		{
		"id": "n200",
		"label": "#DN",
		"x":61,
		"y":31,
		"size": 2
		},
		{
		"id": "n202",
		"label": "#enough",
		"x":8,
		"y":53,
		"size": 2
		},
		{
		"id": "n205",
		"label": "#LGBT",
		"x":97,
		"y":25,
		"size": 3
		},
		{
		"id": "n207",
		"label": "#DemsInPhill",
		"x":2,
		"y":39,
		"size": 12
		},
		{
		"id": "n210",
		"label": "#DNCinPHL",
		"x":49,
		"y":58,
		"size": 2
		},
		{
		"id": "n214",
		"label": "#DemConvention:",
		"x":92,
		"y":96,
		"size": 6
		},
		{
		"id": "n216",
		"label": "#RollCallVote",
		"x":3,
		"y":13,
		"size": 2
		},
		{
		"id": "n220",
		"label": "#WeMadeHistor",
		"x":90,
		"y":98,
		"size": 3
		},
		{
		"id": "n225",
		"label": "#DemsInPH",
		"x":99,
		"y":6,
		"size": 2
		},
		{
		"id": "n229",
		"label": "#DemsInPhill",
		"x":63,
		"y":2,
		"size": 5
		},
		{
		"id": "n239",
		"label": "#DemsInPhilly",
		"x":4,
		"y":83,
		"size": 7
		},
		{
		"id": "n256",
		"label": "#VirWINia",
		"x":64,
		"y":73,
		"size": 2
		},
		{
		"id": "n259",
		"label": "#RNCInCLE",
		"x":48,
		"y":45,
		"size": 3
		},
		{
		"id": "n261",
		"label": "#RNCinCLE",
		"x":20,
		"y":89,
		"size": 18
		},
		{
		"id": "n265",
		"label": "#RNCInCLE",
		"x":22,
		"y":24,
		"size": 2
		},
		{
		"id": "n270",
		"label": "#RNCinCLE",
		"x":84,
		"y":49,
		"size": 8
		},
		{
		"id": "n275",
		"label": "#TrumpPence2016",
		"x":0,
		"y":73,
		"size": 2
		},
		{
		"id": "n277",
		"label": "#TrumpYourself",
		"x":95,
		"y":52,
		"size": 2
		},
		{
		"id": "n280",
		"label": "#RNCinCL",
		"x":87,
		"y":58,
		"size": 5
		},
		{
		"id": "n289",
		"label": "#CitizensUnited",
		"x":3,
		"y":18,
		"size": 2
		},
		{
		"id": "n298",
		"label": "#GOPConventio",
		"x":3,
		"y":3,
		"size": 2
		},
		{
		"id": "n303",
		"label": "#RNCinCLE:",
		"x":16,
		"y":45,
		"size": 2
		},
		{
		"id": "n306",
		"label": "#StrongerTogether:",
		"x":77,
		"y":48,
		"size": 2
		},
		{
		"id": "n309",
		"label": "#campaignfinance",
		"x":47,
		"y":60,
		"size": 2
		},
		{
		"id": "n313",
		"label": "#Turkey.",
		"x":53,
		"y":91,
		"size": 2
		},
		{
		"id": "n315",
		"label": "#NeverTrump",
		"x":82,
		"y":21,
		"size": 2
		},
		{
		"id": "n317",
		"label": "#IranDeal",
		"x":66,
		"y":24,
		"size": 2
		},
		{
		"id": "n321",
		"label": "#FeelTheBern",
		"x":49,
		"y":10,
		"size": 2
		},
		{
		"id": "n325",
		"label": "#Trump2016",
		"x":51,
		"y":67,
		"size": 52
		},
		{
		"id": "n327",
		"label": "#WORK",
		"x":66,
		"y":65,
		"size": 2
		},
		{
		"id": "n329",
		"label": "#Orlando",
		"x":50,
		"y":50,
		"size": 2
		},
		{
		"id": "n331",
		"label": "#Wimbledon",
		"x":81,
		"y":33,
		"size": 2
		},
		{
		"id": "n336",
		"label": "#FirstInPOTUS",
		"x":36,
		"y":4,
		"size": 2
		},
		{
		"id": "n341",
		"label": "#AmericaFirst",
		"x":56,
		"y":65,
		"size": 6
		},
		{
		"id": "n348",
		"label": "#WakeUpAmeric",
		"x":1,
		"y":48,
		"size": 2
		},
		{
		"id": "n352",
		"label": "#OHHillYes",
		"x":46,
		"y":77,
		"size": 2
		},
		{
		"id": "n354",
		"label": "#NYCPride!",
		"x":69,
		"y":18,
		"size": 2
		},
		{
		"id": "n356",
		"label": "#DemPlatform",
		"x":3,
		"y":31,
		"size": 2
		},
		{
		"id": "n358",
		"label": "#WestVirginia",
		"x":60,
		"y":78,
		"size": 2
		},
		{
		"id": "n361",
		"label": "#DemocraticSitIn.",
		"x":97,
		"y":60,
		"size": 2
		},
		{
		"id": "n363",
		"label": "#Trump",
		"x":17,
		"y":29,
		"size": 2
		},
		{
		"id": "n365",
		"label": "#Imwithyo",
		"x":39,
		"y":10,
		"size": 3
		},
		{
		"id": "n368",
		"label": "#sitin",
		"x":23,
		"y":97,
		"size": 3
		},
		{
		"id": "n370",
		"label": "#NoBillNoBreak",
		"x":76,
		"y":37,
		"size": 4
		},
		{
		"id": "n372",
		"label": "#NoBillNoBrea",
		"x":84,
		"y":80,
		"size": 3
		},
		{
		"id": "n375",
		"label": "#EndGunViolenc",
		"x":8,
		"y":80,
		"size": 2
		},
		{
		"id": "n379",
		"label": "#goodtrouble",
		"x":65,
		"y":58,
		"size": 2
		},
		{
		"id": "n382",
		"label": "#GIBill",
		"x":27,
		"y":43,
		"size": 2
		},
		{
		"id": "n384",
		"label": "#MoreInCommo",
		"x":57,
		"y":65,
		"size": 2
		},
		{
		"id": "n387",
		"label": "#WorldRefugeeDay",
		"x":91,
		"y":73,
		"size": 2
		},
		{
		"id": "n393",
		"label": "#Charleston9",
		"x":10,
		"y":55,
		"size": 2
		},
		{
		"id": "n396",
		"label": "#ShesWithU",
		"x":42,
		"y":14,
		"size": 2
		},
		{
		"id": "n398",
		"label": "#Enough",
		"x":59,
		"y":60,
		"size": 2
		},
		{
		"id": "n402",
		"label": "#OrlandoUnited",
		"x":26,
		"y":62,
		"size": 3
		},
		{
		"id": "n405",
		"label": "#StanleyCup",
		"x":36,
		"y":82,
		"size": 2
		},
		{
		"id": "n412",
		"label": "#HistoryMad",
		"x":37,
		"y":30,
		"size": 2
		},
		{
		"id": "n416",
		"label": "#DDay",
		"x":52,
		"y":98,
		"size": 2
		},
		{
		"id": "n420",
		"label": "#GunViolence",
		"x":68,
		"y":70,
		"size": 2
		},
		{
		"id": "n423",
		"label": "#MemorialDay",
		"x":93,
		"y":92,
		"size": 2
		},
		{
		"id": "n426",
		"label": "#Trump201",
		"x":13,
		"y":3,
		"size": 17
		},
		{
		"id": "n430",
		"label": "#ArmedForcesDay",
		"x":73,
		"y":42,
		"size": 2
		},
		{
		"id": "n434",
		"label": "#MichaelBrown",
		"x":50,
		"y":1,
		"size": 2
		},
		{
		"id": "n437",
		"label": "#2A",
		"x":15,
		"y":60,
		"size": 4
		},
		{
		"id": "n445",
		"label": "#MadeForHistory",
		"x":62,
		"y":22,
		"size": 2
		},
		{
		"id": "n448",
		"label": "#CincoDeMayo!",
		"x":42,
		"y":13,
		"size": 2
		},
		{
		"id": "n450",
		"label": "#ThanksObam",
		"x":50,
		"y":41,
		"size": 2
		},
		{
		"id": "n453",
		"label": "#INPrimary",
		"x":47,
		"y":97,
		"size": 2
		},
		{
		"id": "n456",
		"label": "#FNS",
		"x":20,
		"y":97,
		"size": 2
		},
		{
		"id": "n459",
		"label": "#LoveTrumpsHate",
		"x":21,
		"y":8,
		"size": 4
		},
		{
		"id": "n464",
		"label": "#INDPrimary",
		"x":77,
		"y":84,
		"size": 2
		},
		{
		"id": "n468",
		"label": "#WomanCard",
		"x":91,
		"y":75,
		"size": 3
		},
		{
		"id": "n475",
		"label": "#Trump2016",
		"x":46,
		"y":20,
		"size": 12
		},
		{
		"id": "n482",
		"label": "#HillaryClinton",
		"x":86,
		"y":81,
		"size": 2
		},
		{
		"id": "n485",
		"label": "#HillaryOnGMA",
		"x":34,
		"y":79,
		"size": 2
		},
		{
		"id": "n489",
		"label": "#PrimaryDay",
		"x":62,
		"y":38,
		"size": 4
		},
		{
		"id": "n492",
		"label": "#iVoted",
		"x":78,
		"y":12,
		"size": 2
		},
		{
		"id": "n495",
		"label": "#EastVillage.",
		"x":51,
		"y":92,
		"size": 2
		},
		{
		"id": "n497",
		"label": "#HoustonFlood",
		"x":82,
		"y":84,
		"size": 2
		},
		{
		"id": "n504",
		"label": "#NewYorkValues",
		"x":83,
		"y":70,
		"size": 2
		},
		{
		"id": "n507",
		"label": "#WIPrimary",
		"x":21,
		"y":17,
		"size": 3
		},
		{
		"id": "n513",
		"label": "#WIPrimary",
		"x":47,
		"y":42,
		"size": 2
		},
		{
		"id": "n518",
		"label": "#",
		"x":83,
		"y":17,
		"size": 3
		},
		{
		"id": "n522",
		"label": "#Arizona:",
		"x":70,
		"y":71,
		"size": 2
		},
		{
		"id": "n526",
		"label": "#Trump201",
		"x":26,
		"y":89,
		"size": 3
		},
		{
		"id": "n531",
		"label": "#VoteTrum",
		"x":68,
		"y":27,
		"size": 3
		},
		{
		"id": "n540",
		"label": "#GOPDebate",
		"x":39,
		"y":83,
		"size": 7
		},
		{
		"id": "n548",
		"label": "#TrumpWaikiki",
		"x":26,
		"y":95,
		"size": 2
		},
		{
		"id": "n550",
		"label": "#Mediafraud.",
		"x":91,
		"y":4,
		"size": 2
		},
		{
		"id": "n557",
		"label": "#KansasCaucus.",
		"x":40,
		"y":41,
		"size": 2
		},
		{
		"id": "n564",
		"label": "#GOPDebate.",
		"x":42,
		"y":93,
		"size": 2
		},
		{
		"id": "n567",
		"label": "#SuperTuesda",
		"x":52,
		"y":6,
		"size": 3
		},
		{
		"id": "n574",
		"label": "#RobotRubio",
		"x":44,
		"y":63,
		"size": 2
		},
		{
		"id": "n580",
		"label": "#Trump2016",
		"x":96,
		"y":0,
		"size": 4
		},
		{
		"id": "n585",
		"label": "#ICYMI",
		"x":19,
		"y":70,
		"size": 2
		},
		{
		"id": "n588",
		"label": "#BikersForTrump",
		"x":94,
		"y":36,
		"size": 2
		},
		{
		"id": "n590",
		"label": "#Ted",
		"x":41,
		"y":39,
		"size": 2
		},
		{
		"id": "n594",
		"label": "#VoteTrumpSC",
		"x":81,
		"y":24,
		"size": 4
		},
		{
		"id": "n601",
		"label": "#TeamTrump",
		"x":19,
		"y":95,
		"size": 3
		},
		{
		"id": "n603",
		"label": "#VoteTrumpS",
		"x":11,
		"y":98,
		"size": 2
		},
		{
		"id": "n611",
		"label": "#FITN",
		"x":45,
		"y":93,
		"size": 9
		},
		{
		"id": "n614",
		"label": "#NHPrimary",
		"x":35,
		"y":53,
		"size": 3
		},
		{
		"id": "n617",
		"label": "#SB5",
		"x":18,
		"y":29,
		"size": 2
		},
		{
		"id": "n626",
		"label": "#ObamaCare-",
		"x":34,
		"y":96,
		"size": 2
		},
		{
		"id": "n628",
		"label": "#CaucusForTrump",
		"x":92,
		"y":37,
		"size": 3
		},
		{
		"id": "n630",
		"label": "#CaucusForTrum",
		"x":60,
		"y":89,
		"size": 3
		},
		{
		"id": "n636",
		"label": "#IACaucus",
		"x":89,
		"y":28,
		"size": 6
		},
		{
		"id": "n643",
		"label": "#NewYork",
		"x":75,
		"y":72,
		"size": 2
		},
		{
		"id": "n645",
		"label": "#NewYorkValue",
		"x":34,
		"y":91,
		"size": 2
		},
		{
		"id": "n663",
		"label": "#Obamacare.",
		"x":98,
		"y":58,
		"size": 2
		},
		{
		"id": "n668",
		"label": "#FoxNews",
		"x":48,
		"y":22,
		"size": 2
		},
		{
		"id": "n676",
		"label": "#IAPolitics",
		"x":3,
		"y":14,
		"size": 2
		},
		{
		"id": "n678",
		"label": "#SOT",
		"x":93,
		"y":44,
		"size": 2
		},
		{
		"id": "n684",
		"label": "#LESM",
		"x":73,
		"y":17,
		"size": 3
		}
],
	"edges": [
		{
		"id": "e0",
		"source": "n2",
		"target": "n90"
		},
		{
		"id": "e1",
		"source": "n2",
		"target": "n38"
		},
		{
		"id": "e2",
		"source": "n2",
		"target": "n90"
		},
		{
		"id": "e3",
		"source": "n2",
		"target": "n90"
		},
		{
		"id": "e4",
		"source": "n2",
		"target": "n102"
		},
		{
		"id": "e5",
		"source": "n2",
		"target": "n102"
		},
		{
		"id": "e6",
		"source": "n2",
		"target": "n90"
		},
		{
		"id": "e7",
		"source": "n2",
		"target": "n38"
		},
		{
		"id": "e8",
		"source": "n2",
		"target": "n82"
		},
		{
		"id": "e9",
		"source": "n2",
		"target": "n179"
		},
		{
		"id": "e10",
		"source": "n2",
		"target": "n90"
		},
		{
		"id": "e11",
		"source": "n13",
		"target": "n187"
		},
		{
		"id": "e12",
		"source": "n13",
		"target": "n187"
		},
		{
		"id": "e13",
		"source": "n17",
		"target": "n194"
		},
		{
		"id": "e14",
		"source": "n22",
		"target": "n28"
		},
		{
		"id": "e15",
		"source": "n22",
		"target": "n28"
		},
		{
		"id": "e16",
		"source": "n28",
		"target": "n38"
		},
		{
		"id": "e17",
		"source": "n28",
		"target": "n22"
		},
		{
		"id": "e18",
		"source": "n28",
		"target": "n22"
		},
		{
		"id": "e19",
		"source": "n28",
		"target": "n38"
		},
		{
		"id": "e20",
		"source": "n28",
		"target": "n38"
		},
		{
		"id": "e21",
		"source": "n28",
		"target": "n38"
		},
		{
		"id": "e22",
		"source": "n38",
		"target": "n28"
		},
		{
		"id": "e23",
		"source": "n38",
		"target": "n28"
		},
		{
		"id": "e24",
		"source": "n38",
		"target": "n28"
		},
		{
		"id": "e25",
		"source": "n38",
		"target": "n28"
		},
		{
		"id": "e26",
		"source": "n38",
		"target": "n2"
		},
		{
		"id": "e27",
		"source": "n38",
		"target": "n136"
		},
		{
		"id": "e28",
		"source": "n38",
		"target": "n136"
		},
		{
		"id": "e29",
		"source": "n38",
		"target": "n684"
		},
		{
		"id": "e30",
		"source": "n38",
		"target": "n2"
		},
		{
		"id": "e31",
		"source": "n38",
		"target": "n197"
		},
		{
		"id": "e32",
		"source": "n38",
		"target": "n197"
		},
		{
		"id": "e33",
		"source": "n45",
		"target": "n48"
		},
		{
		"id": "e34",
		"source": "n45",
		"target": "n48"
		},
		{
		"id": "e35",
		"source": "n45",
		"target": "n59"
		},
		{
		"id": "e36",
		"source": "n45",
		"target": "n59"
		},
		{
		"id": "e37",
		"source": "n48",
		"target": "n45"
		},
		{
		"id": "e38",
		"source": "n48",
		"target": "n45"
		},
		{
		"id": "e39",
		"source": "n59",
		"target": "n45"
		},
		{
		"id": "e40",
		"source": "n59",
		"target": "n45"
		},
		{
		"id": "e41",
		"source": "n70",
		"target": "n82"
		},
		{
		"id": "e42",
		"source": "n70",
		"target": "n325"
		},
		{
		"id": "e43",
		"source": "n82",
		"target": "n70"
		},
		{
		"id": "e44",
		"source": "n82",
		"target": "n2"
		},
		{
		"id": "e45",
		"source": "n90",
		"target": "n2"
		},
		{
		"id": "e46",
		"source": "n90",
		"target": "n2"
		},
		{
		"id": "e47",
		"source": "n90",
		"target": "n2"
		},
		{
		"id": "e48",
		"source": "n90",
		"target": "n2"
		},
		{
		"id": "e49",
		"source": "n90",
		"target": "n136"
		},
		{
		"id": "e50",
		"source": "n90",
		"target": "n325"
		},
		{
		"id": "e51",
		"source": "n90",
		"target": "n325"
		},
		{
		"id": "e52",
		"source": "n90",
		"target": "n2"
		},
		{
		"id": "e53",
		"source": "n90",
		"target": "n325"
		},
		{
		"id": "e54",
		"source": "n90",
		"target": "n325"
		},
		{
		"id": "e55",
		"source": "n102",
		"target": "n2"
		},
		{
		"id": "e56",
		"source": "n102",
		"target": "n2"
		},
		{
		"id": "e57",
		"source": "n102",
		"target": "n426"
		},
		{
		"id": "e58",
		"source": "n102",
		"target": "n567"
		},
		{
		"id": "e59",
		"source": "n102",
		"target": "n325"
		},
		{
		"id": "e60",
		"source": "n102",
		"target": "n611"
		},
		{
		"id": "e61",
		"source": "n102",
		"target": "n636"
		},
		{
		"id": "e62",
		"source": "n102",
		"target": "n676"
		},
		{
		"id": "e63",
		"source": "n102",
		"target": "n676"
		},
		{
		"id": "e64",
		"source": "n132",
		"target": "n202"
		},
		{
		"id": "e65",
		"source": "n132",
		"target": "n202"
		},
		{
		"id": "e66",
		"source": "n132",
		"target": "n207"
		},
		{
		"id": "e67",
		"source": "n132",
		"target": "n321"
		},
		{
		"id": "e68",
		"source": "n132",
		"target": "n321"
		},
		{
		"id": "e69",
		"source": "n136",
		"target": "n90"
		},
		{
		"id": "e70",
		"source": "n136",
		"target": "n38"
		},
		{
		"id": "e71",
		"source": "n136",
		"target": "n38"
		},
		{
		"id": "e72",
		"source": "n149",
		"target": "n151"
		},
		{
		"id": "e73",
		"source": "n149",
		"target": "n151"
		},
		{
		"id": "e74",
		"source": "n149",
		"target": "n151"
		},
		{
		"id": "e75",
		"source": "n149",
		"target": "n151"
		},
		{
		"id": "e76",
		"source": "n151",
		"target": "n149"
		},
		{
		"id": "e77",
		"source": "n151",
		"target": "n149"
		},
		{
		"id": "e78",
		"source": "n151",
		"target": "n149"
		},
		{
		"id": "e79",
		"source": "n151",
		"target": "n149"
		},
		{
		"id": "e80",
		"source": "n151",
		"target": "n153"
		},
		{
		"id": "e81",
		"source": "n151",
		"target": "n153"
		},
		{
		"id": "e82",
		"source": "n151",
		"target": "n437"
		},
		{
		"id": "e83",
		"source": "n153",
		"target": "n151"
		},
		{
		"id": "e84",
		"source": "n153",
		"target": "n437"
		},
		{
		"id": "e85",
		"source": "n153",
		"target": "n151"
		},
		{
		"id": "e86",
		"source": "n153",
		"target": "n437"
		},
		{
		"id": "e87",
		"source": "n179",
		"target": "n2"
		},
		{
		"id": "e88",
		"source": "n187",
		"target": "n13"
		},
		{
		"id": "e89",
		"source": "n187",
		"target": "n13"
		},
		{
		"id": "e90",
		"source": "n194",
		"target": "n17"
		},
		{
		"id": "e91",
		"source": "n197",
		"target": "n38"
		},
		{
		"id": "e92",
		"source": "n197",
		"target": "n38"
		},
		{
		"id": "e93",
		"source": "n197",
		"target": "n485"
		},
		{
		"id": "e94",
		"source": "n197",
		"target": "n485"
		},
		{
		"id": "e95",
		"source": "n202",
		"target": "n132"
		},
		{
		"id": "e96",
		"source": "n202",
		"target": "n132"
		},
		{
		"id": "e97",
		"source": "n207",
		"target": "n132"
		},
		{
		"id": "e98",
		"source": "n270",
		"target": "n275"
		},
		{
		"id": "e99",
		"source": "n270",
		"target": "n275"
		},
		{
		"id": "e100",
		"source": "n275",
		"target": "n270"
		},
		{
		"id": "e101",
		"source": "n275",
		"target": "n270"
		},
		{
		"id": "e102",
		"source": "n321",
		"target": "n132"
		},
		{
		"id": "e103",
		"source": "n321",
		"target": "n132"
		},
		{
		"id": "e104",
		"source": "n325",
		"target": "n90"
		},
		{
		"id": "e105",
		"source": "n325",
		"target": "n90"
		},
		{
		"id": "e106",
		"source": "n325",
		"target": "n90"
		},
		{
		"id": "e107",
		"source": "n325",
		"target": "n90"
		},
		{
		"id": "e108",
		"source": "n325",
		"target": "n437"
		},
		{
		"id": "e109",
		"source": "n325",
		"target": "n453"
		},
		{
		"id": "e110",
		"source": "n325",
		"target": "n453"
		},
		{
		"id": "e111",
		"source": "n325",
		"target": "n507"
		},
		{
		"id": "e112",
		"source": "n325",
		"target": "n507"
		},
		{
		"id": "e113",
		"source": "n325",
		"target": "n507"
		},
		{
		"id": "e114",
		"source": "n325",
		"target": "n70"
		},
		{
		"id": "e115",
		"source": "n325",
		"target": "n567"
		},
		{
		"id": "e116",
		"source": "n325",
		"target": "n567"
		},
		{
		"id": "e117",
		"source": "n325",
		"target": "n611"
		},
		{
		"id": "e118",
		"source": "n325",
		"target": "n611"
		},
		{
		"id": "e119",
		"source": "n325",
		"target": "n611"
		},
		{
		"id": "e120",
		"source": "n325",
		"target": "n102"
		},
		{
		"id": "e121",
		"source": "n325",
		"target": "n611"
		},
		{
		"id": "e122",
		"source": "n325",
		"target": "n636"
		},
		{
		"id": "e123",
		"source": "n325",
		"target": "n676"
		},
		{
		"id": "e124",
		"source": "n325",
		"target": "n676"
		},
		{
		"id": "e125",
		"source": "n325",
		"target": "n684"
		},
		{
		"id": "e126",
		"source": "n325",
		"target": "n684"
		},
		{
		"id": "e127",
		"source": "n368",
		"target": "n370"
		},
		{
		"id": "e128",
		"source": "n368",
		"target": "n370"
		},
		{
		"id": "e129",
		"source": "n368",
		"target": "n370"
		},
		{
		"id": "e130",
		"source": "n368",
		"target": "n370"
		},
		{
		"id": "e131",
		"source": "n368",
		"target": "n375"
		},
		{
		"id": "e132",
		"source": "n368",
		"target": "n375"
		},
		{
		"id": "e133",
		"source": "n370",
		"target": "n368"
		},
		{
		"id": "e134",
		"source": "n370",
		"target": "n368"
		},
		{
		"id": "e135",
		"source": "n370",
		"target": "n368"
		},
		{
		"id": "e136",
		"source": "n370",
		"target": "n368"
		},
		{
		"id": "e137",
		"source": "n370",
		"target": "n379"
		},
		{
		"id": "e138",
		"source": "n370",
		"target": "n379"
		},
		{
		"id": "e139",
		"source": "n375",
		"target": "n368"
		},
		{
		"id": "e140",
		"source": "n375",
		"target": "n368"
		},
		{
		"id": "e141",
		"source": "n379",
		"target": "n370"
		},
		{
		"id": "e142",
		"source": "n379",
		"target": "n370"
		},
		{
		"id": "e143",
		"source": "n398",
		"target": "n402"
		},
		{
		"id": "e144",
		"source": "n398",
		"target": "n402"
		},
		{
		"id": "e145",
		"source": "n402",
		"target": "n398"
		},
		{
		"id": "e146",
		"source": "n402",
		"target": "n398"
		},
		{
		"id": "e147",
		"source": "n426",
		"target": "n102"
		},
		{
		"id": "e148",
		"source": "n426",
		"target": "n594"
		},
		{
		"id": "e149",
		"source": "n426",
		"target": "n594"
		},
		{
		"id": "e150",
		"source": "n426",
		"target": "n668"
		},
		{
		"id": "e151",
		"source": "n426",
		"target": "n668"
		},
		{
		"id": "e152",
		"source": "n437",
		"target": "n151"
		},
		{
		"id": "e153",
		"source": "n437",
		"target": "n153"
		},
		{
		"id": "e154",
		"source": "n437",
		"target": "n153"
		},
		{
		"id": "e155",
		"source": "n437",
		"target": "n325"
		},
		{
		"id": "e156",
		"source": "n453",
		"target": "n325"
		},
		{
		"id": "e157",
		"source": "n453",
		"target": "n325"
		},
		{
		"id": "e158",
		"source": "n475",
		"target": "n513"
		},
		{
		"id": "e159",
		"source": "n475",
		"target": "n513"
		},
		{
		"id": "e160",
		"source": "n485",
		"target": "n197"
		},
		{
		"id": "e161",
		"source": "n485",
		"target": "n197"
		},
		{
		"id": "e162",
		"source": "n489",
		"target": "n492"
		},
		{
		"id": "e163",
		"source": "n489",
		"target": "n492"
		},
		{
		"id": "e164",
		"source": "n492",
		"target": "n489"
		},
		{
		"id": "e165",
		"source": "n492",
		"target": "n489"
		},
		{
		"id": "e166",
		"source": "n507",
		"target": "n325"
		},
		{
		"id": "e167",
		"source": "n507",
		"target": "n325"
		},
		{
		"id": "e168",
		"source": "n507",
		"target": "n325"
		},
		{
		"id": "e169",
		"source": "n513",
		"target": "n475"
		},
		{
		"id": "e170",
		"source": "n513",
		"target": "n475"
		},
		{
		"id": "e171",
		"source": "n540",
		"target": "n617"
		},
		{
		"id": "e172",
		"source": "n540",
		"target": "n617"
		},
		{
		"id": "e173",
		"source": "n567",
		"target": "n325"
		},
		{
		"id": "e174",
		"source": "n567",
		"target": "n325"
		},
		{
		"id": "e175",
		"source": "n567",
		"target": "n102"
		},
		{
		"id": "e176",
		"source": "n594",
		"target": "n426"
		},
		{
		"id": "e177",
		"source": "n594",
		"target": "n426"
		},
		{
		"id": "e178",
		"source": "n611",
		"target": "n614"
		},
		{
		"id": "e179",
		"source": "n611",
		"target": "n614"
		},
		{
		"id": "e180",
		"source": "n611",
		"target": "n614"
		},
		{
		"id": "e181",
		"source": "n611",
		"target": "n325"
		},
		{
		"id": "e182",
		"source": "n611",
		"target": "n325"
		},
		{
		"id": "e183",
		"source": "n611",
		"target": "n325"
		},
		{
		"id": "e184",
		"source": "n611",
		"target": "n102"
		},
		{
		"id": "e185",
		"source": "n611",
		"target": "n325"
		},
		{
		"id": "e186",
		"source": "n611",
		"target": "n636"
		},
		{
		"id": "e187",
		"source": "n611",
		"target": "n676"
		},
		{
		"id": "e188",
		"source": "n611",
		"target": "n676"
		},
		{
		"id": "e189",
		"source": "n611",
		"target": "n636"
		},
		{
		"id": "e190",
		"source": "n614",
		"target": "n611"
		},
		{
		"id": "e191",
		"source": "n614",
		"target": "n611"
		},
		{
		"id": "e192",
		"source": "n614",
		"target": "n611"
		},
		{
		"id": "e193",
		"source": "n617",
		"target": "n540"
		},
		{
		"id": "e194",
		"source": "n617",
		"target": "n540"
		},
		{
		"id": "e195",
		"source": "n628",
		"target": "n636"
		},
		{
		"id": "e196",
		"source": "n628",
		"target": "n636"
		},
		{
		"id": "e197",
		"source": "n636",
		"target": "n628"
		},
		{
		"id": "e198",
		"source": "n636",
		"target": "n628"
		},
		{
		"id": "e199",
		"source": "n636",
		"target": "n102"
		},
		{
		"id": "e200",
		"source": "n636",
		"target": "n325"
		},
		{
		"id": "e201",
		"source": "n636",
		"target": "n611"
		},
		{
		"id": "e202",
		"source": "n636",
		"target": "n676"
		},
		{
		"id": "e203",
		"source": "n636",
		"target": "n676"
		},
		{
		"id": "e204",
		"source": "n636",
		"target": "n611"
		},
		{
		"id": "e205",
		"source": "n643",
		"target": "n645"
		},
		{
		"id": "e206",
		"source": "n643",
		"target": "n645"
		},
		{
		"id": "e207",
		"source": "n643",
		"target": "n645"
		},
		{
		"id": "e208",
		"source": "n643",
		"target": "n645"
		},
		{
		"id": "e209",
		"source": "n645",
		"target": "n643"
		},
		{
		"id": "e210",
		"source": "n645",
		"target": "n643"
		},
		{
		"id": "e211",
		"source": "n645",
		"target": "n643"
		},
		{
		"id": "e212",
		"source": "n645",
		"target": "n643"
		},
		{
		"id": "e213",
		"source": "n668",
		"target": "n426"
		},
		{
		"id": "e214",
		"source": "n668",
		"target": "n426"
		},
		{
		"id": "e215",
		"source": "n676",
		"target": "n102"
		},
		{
		"id": "e216",
		"source": "n676",
		"target": "n325"
		},
		{
		"id": "e217",
		"source": "n676",
		"target": "n611"
		},
		{
		"id": "e218",
		"source": "n676",
		"target": "n636"
		},
		{
		"id": "e219",
		"source": "n676",
		"target": "n102"
		},
		{
		"id": "e220",
		"source": "n676",
		"target": "n325"
		},
		{
		"id": "e221",
		"source": "n676",
		"target": "n611"
		},
		{
		"id": "e222",
		"source": "n676",
		"target": "n636"
		},
		{
		"id": "e223",
		"source": "n684",
		"target": "n325"
		},
		{
		"id": "e224",
		"source": "n684",
		"target": "n38"
		},
		{
		"id": "e225",
		"source": "n684",
		"target": "n325"
		}
	]
}
